f,alpha,c,U_infinity,delta,SSPL
3150,12.6,0.1524,39.6,0.0584113,106.26
1250,3.3,0.1016,31.7,0.00251435,134.022
500,4.0,0.3048,39.6,0.00579636,130.173
6300,0.0,0.0254,71.3,0.000400682,134.987
3150,7.2,0.1524,39.6,0.00909175,111.818
800,7.3,0.2286,55.5,0.0111706,128.444
800,4.8,0.0254,31.7,0.000930789,122.648
2000,4.0,0.3048,71.3,0.00497773,124.395
1000,19.7,0.0508,71.3,0.0341183,121.885
500,0.0,0.3048,39.6,0.00310138,126.959
1250,5.3,0.2286,39.6,0.00614329,125.721
315,9.5,0.0254,31.7,0.00461377,122.766
2500,0.0,0.3048,55.5,0.00283081,124.106
1600,1.5,0.3048,39.6,0.00392107,122.211
1000,5.4,0.1524,55.5,0.00433288,132.127
3150,0.0,0.0254,71.3,0.000400682,137.007
500,7.2,0.1524,39.6,0.00909175,132.658
1250,17.4,0.0254,31.7,0.0176631,128.306
1000,1.5,0.3048,39.6,0.00392107,127.581
5000,2.7,0.1524,71.3,0.00243851,124.364
5000,12.6,0.1524,39.6,0.0584113,104.13
200,17.4,0.0254,55.5,0.0165706,109.951
3150,5.3,0.2286,71.3,0.0051942,123.12
400,12.3,0.1016,39.6,0.0408268,128.265
5000,0.0,0.1524,71.3,0.0015988,126.457
400,15.4,0.0508,55.5,0.0271925,126.5
500,19.7,0.0508,39.6,0.036484,128.444
500,12.6,0.1524,39.6,0.0584113,114.9
1600,8.4,0.0508,55.5,0.00544854,133.032
400,15.6,0.1016,71.3,0.0437259,134.058
10000,3.3,0.1016,39.6,0.00245138,115.321
200,9.9,0.1524,55.5,0.0208438,131.955
4000,8.4,0.0508,39.6,0.00566229,118.955
630,12.3,0.1016,71.3,0.0337792,135.368
630,17.4,0.0254,71.3,0.016104,122.606
6300,3.0,0.3048,71.3,0.00425727,116.134
2000,11.2,0.0508,39.6,0.0150478,124.42
4000,5.3,0.2286,71.3,0.0051942,120.33
1600,9.5,0.0254,55.5,0.0043284,133.062
800,22.2,0.0254,39.6,0.0229028,137.076
315,15.6,0.1016,71.3,0.0437259,133.808
2000,2.7,0.1524,71.3,0.00243851,130.114
8000,0.0,0.0254,39.6,0.000428464,135.866
10000,0.0,0.3048,71.3,0.00266337,115.391
200,12.3,0.1016,31.7,0.0418756,124.987
500,0.0,0.2286,39.6,0.00253511,126.195
800,3.0,0.3048,71.3,0.00425727,129.494
2500,5.3,0.2286,39.6,0.00614329,116.151
2000,0.0,0.0508,55.5,0.00076193,131.456
200,0.0,0.3048,31.7,0.00331266,117.195
800,19.7,0.0508,71.3,0.0341183,124.555
200,15.6,0.1016,71.3,0.0437259,130.898
630,12.7,0.0254,39.6,0.0130253,128.867
5000,3.3,0.1016,39.6,0.00245138,122.371
6300,15.4,0.0508,71.3,0.0264269,115.215
315,15.4,0.0508,39.6,0.0282593,124.493
6300,3.0,0.3048,39.6,0.00495741,114.042
1600,0.0,0.1016,71.3,0.00121072,131.725
2000,4.2,0.0508,39.6,0.00152689,132.587
1000,5.4,0.1524,71.3,0.00401199,133.201
500,3.0,0.3048,39.6,0.00495741,127.632
2000,7.3,0.2286,39.6,0.0123481,117.809
8000,0.0,0.1524,71.3,0.0015988,122.527
4000,8.9,0.1016,39.6,0.0124596,116.22
1250,0.0,0.1016,71.3,0.00121072,130.335
6300,3.0,0.3048,55.5,0.00452492,115.679
250,9.9,0.1524,55.5,0.0208438,133.235
3150,2.7,0.1524,39.6,0.00294804,122.919
10000,2.0,0.2286,71.3,0.00293031,113.086
315,9.9,0.1524,39.6,0.0233328,128.595
500,6.7,0.1016,31.7,0.00592927,130.206
2500,0.0,0.2286,71.3,0.00214345,128.354
3150,17.4,0.0254,31.7,0.0176631,123.466
2500,6.7,0.1016,55.5,0.0052139,124.273
10000,1.5,0.3048,39.6,0.00392107,108.991
1600,22.2,0.0254,71.3,0.0214178,131.817
16000,0.0,0.0254,31.7,0.000439472,125.627
315,19.7,0.0508,71.3,0.0341183,121.235
400,22.2,0.0254,71.3,0.0214178,117.927
6300,9.9,0.1524,39.6,0.0233328,109.885
315,7.2,0.1524,71.3,0.00752039,128.713
1250,0.0,0.0508,39.6,0.000791822,129.148
1600,4.0,0.2286,71.3,0.00400603,129.468
1600,0.0,0.2286,39.6,0.00253511,127.095
630,7.3,0.2286,39.6,0.0123481,128.929
500,6.7,0.1016,39.6,0.00578076,130.955
1600,22.2,0.0254,39.6,0.0229028,122.216
1600,0.0,0.2286,31.7,0.0027238,125.625
630,3.0,0.3048,39.6,0.00495741,129.292
315,9.9,0.1524,31.7,0.0252785,128.809
800,12.6,0.1524,71.3,0.0483159,123.054
800,22.2,0.0254,71.3,0.0214178,123.227
4000,0.0,0.0254,39.6,0.000428464,135.346
1250,11.2,0.0508,39.6,0.0150478,130.05
400,5.4,0.1524,31.7,0.00525474,127.781
1250,8.4,0.0508,39.6,0.00566229,131.205
250,12.7,0.0254,71.3,0.0121808,119.698
1250,4.0,0.2286,39.6,0.00473801,128.339
1000,2.0,0.2286,31.7,0.00372371,130.307
400,9.5,0.0254,39.6,0.00449821,121.154
400,7.3,0.2286,39.6,0.0123481,132.039
1250,0.0,0.1524,71.3,0.0015988,128.927
5000,7.2,0.1524,71.3,0.00752039,118.343
2500,17.4,0.0254,39.6,0.0172206,124.154
1250,8.4,0.0508,55.5,0.00544854,132.252
250,12.3,0.1016,55.5,0.0368233,133.294
5000,4.0,0.3048,39.6,0.00579636,113.733
8000,1.5,0.3048,39.6,0.00392107,112.251
2500,11.2,0.0508,71.3,0.014072,130.541
315,12.6,0.1524,71.3,0.0483159,128.484
4000,15.6,0.1016,39.6,0.0528487,106.604
6300,9.5,0.0254,71.3,0.00420654,127.246
315,17.4,0.0254,55.5,0.0165706,111.911
5000,22.2,0.0254,39.6,0.0229028,118.816
3150,0.0,0.1524,55.5,0.00172668,127.753
1000,4.0,0.3048,71.3,0.00497773,131.015
630,9.5,0.0254,71.3,0.00420654,125.726
250,15.4,0.0508,39.6,0.0282593,122.893
1600,5.3,0.2286,71.3,0.0051942,130.46
315,4.0,0.2286,31.7,0.00509068,123.609
800,0.0,0.2286,31.7,0.0027238,130.725
4000,22.2,0.0254,71.3,0.0214178,123.917
5000,15.4,0.0508,71.3,0.0264269,119.135
10000,1.5,0.3048,71.3,0.00336729,113.492
3150,0.0,0.3048,39.6,0.00310138,120.319
200,15.4,0.0508,71.3,0.0264269,123.595
2000,9.9,0.1524,31.7,0.0252785,116.859
4000,15.4,0.0508,31.7,0.0289853,115.635
1000,2.7,0.1524,71.3,0.00243851,128.774
400,4.0,0.3048,39.6,0.00579636,128.633
1250,4.0,0.3048,39.6,0.00579636,126.343
4000,12.7,0.0254,39.6,0.0130253,126.537
400,7.3,0.2286,55.5,0.0111706,135.924
4000,4.8,0.0254,31.7,0.000930789,135.328
10000,0.0,0.3048,55.5,0.00283081,113.076
1600,3.0,0.3048,31.7,0.00529514,122.088
800,5.4,0.1524,39.6,0.00485029,132.757
1000,9.5,0.0254,55.5,0.0043284,130.332
5000,7.3,0.2286,55.5,0.0111706,113.144
500,11.2,0.0508,71.3,0.014072,130.311
4000,17.4,0.0254,39.6,0.0172206,122.724
2000,6.7,0.1016,55.5,0.0052139,129.653
500,15.4,0.0508,39.6,0.0282593,125.963
500,3.0,0.3048,55.5,0.00452492,128.179
315,12.7,0.0254,71.3,0.0121808,122.938
400,0.0,0.2286,31.7,0.0027238,123.635
800,17.4,0.0254,39.6,0.0172206,135.324
1000,0.0,0.3048,31.7,0.00331266,127.365
5000,17.4,0.0254,39.6,0.0172206,119.854
5000,8.9,0.1016,39.6,0.0124596,113.08
3150,0.0,0.0508,71.3,0.000740478,135.07
1000,0.0,0.3048,55.5,0.00283081,126.966
2500,9.5,0.0254,31.7,0.00461377,130.086
2500,0.0,0.1016,39.6,0.00146332,132.611
1600,4.0,0.3048,39.6,0.00579636,123.213
400,7.3,0.2286,71.3,0.0104404,139.438
6300,7.3,0.2286,55.5,0.0111706,111.534
8000,0.0,0.1016,55.5,0.00131983,124.45
6300,9.5,0.0254,39.6,0.00449821,120.324
1250,0.0,0.2286,39.6,0.00253511,129.395
5000,4.0,0.2286,55.5,0.0042862,120.034
8000,22.2,0.0254,71.3,0.0214178,121.657
6300,9.9,0.1524,31.7,0.0252785,108.689
5000,4.0,0.3048,71.3,0.00497773,117.785
20000,4.8,0.0254,55.5,0.000873218,121.284
4000,4.8,0.0254,71.3,0.000848633,134.928
1600,3.3,0.1016,71.3,0.00202822,133.664
2500,3.3,0.1016,55.5,0.002211,132.889
2000,4.0,0.2286,55.5,0.0042862,124.254
2500,4.0,0.3048,39.6,0.00579636,120.233
3150,0.0,0.1016,55.5,0.00131983,131.78
8000,3.3,0.1016,55.5,0.002211,120.569
1000,0.0,0.2286,55.5,0.00229336,128.29
10000,0.0,0.0254,71.3,0.000400682,130.787
500,12.3,0.1016,71.3,0.0337792,140.158
800,3.0,0.3048,39.6,0.00495741,129.552
6300,0.0,0.1524,71.3,0.0015988,125.427
800,9.5,0.0254,71.3,0.00420654,127.206
2000,0.0,0.1524,71.3,0.0015988,128.647
4000,9.9,0.1524,55.5,0.0208438,112.945
315,22.2,0.0254,39.6,0.0229028,120.716
8000,0.0,0.1524,39.6,0.00193287,120.553
500,5.3,0.2286,39.6,0.00614329,132.251
4000,7.3,0.2286,71.3,0.0104404,119.208
630,2.7,0.1524,71.3,0.00243851,127.404
10000,0.0,0.0254,39.6,0.000428464,133.376
4000,0.0,0.3048,39.6,0.00310138,119.229
6300,0.0,0.3048,55.5,0.00283081,117.976
4000,0.0,0.0254,71.3,0.000400682,138.557
1250,3.3,0.1016,39.6,0.00245138,133.211
1000,22.2,0.0254,39.6,0.0229028,128.416
4000,0.0,0.3048,31.7,0.00331266,118.145
12500,0.0,0.0254,31.7,0.000439472,128.977
400,9.9,0.1524,71.3,0.0193001,135.079
3150,4.8,0.0254,39.6,0.000907475,133.436
2000,4.0,0.2286,71.3,0.00400603,126.218
2000,7.2,0.1524,71.3,0.00752039,128.643
630,11.2,0.0508,39.6,0.0150478,133.13
250,22.2,0.0254,39.6,0.0229028,117.386
16000,0.0,0.1524,55.5,0.00172668,112.803
4000,3.3,0.1016,71.3,0.00202822,128.704
1000,9.9,0.1524,55.5,0.0208438,124.665
3150,12.7,0.0254,71.3,0.0121808,133.758
1600,9.5,0.0254,39.6,0.00449821,131.184
1600,3.3,0.1016,31.7,0.00251435,133.402
5000,2.0,0.2286,31.7,0.00372371,118.267
1600,17.4,0.0254,31.7,0.0176631,126.846
8000,0.0,0.3048,39.6,0.00310138,114.779
3150,0.0,0.0254,39.6,0.000428464,133.276
200,12.3,0.1016,71.3,0.0337792,130.588
500,12.7,0.0254,71.3,0.0121808,126.898
1600,0.0,0.0508,31.7,0.000812164,131.01
400,4.0,0.2286,39.6,0.00473801,123.879
4000,0.0,0.1016,31.7,0.00150092,126.933
800,3.0,0.3048,31.7,0.00529514,128.708
1600,9.5,0.0254,71.3,0.00420654,133.756
3150,9.9,0.1524,55.5,0.0208438,115.085
800,4.0,0.3048,71.3,0.00497773,131.755
1600,4.0,0.2286,39.6,0.00473801,125.319
5000,0.0,0.1524,55.5,0.00172668,125.203
3150,5.4,0.1524,39.6,0.00485029,119.137
10000,12.7,0.0254,39.6,0.0130253,116.017
250,15.4,0.0508,31.7,0.0289853,121.225
1600,5.4,0.1524,39.6,0.00485029,126.267
10000,0.0,0.1016,71.3,0.00121072,123.305
6300,0.0,0.0508,71.3,0.000740478,133.04
2000,7.2,0.1524,39.6,0.00909175,120.228
200,11.2,0.0508,39.6,0.0150478,125.01
3150,1.5,0.3048,71.3,0.00336729,123.392
2000,9.5,0.0254,55.5,0.0043284,134.052
2000,17.4,0.0254,31.7,0.0176631,124.356
6300,17.4,0.0254,55.5,0.0165706,114.861
3150,0.0,0.1524,31.7,0.00209405,124.207
400,9.9,0.1524,31.7,0.0252785,128.939
500,12.3,0.1016,31.7,0.0418756,118.667
5000,0.0,0.0508,71.3,0.000740478,134.43
1250,19.7,0.0508,39.6,0.036484,118.634
200,12.3,0.1016,39.6,0.0408268,128.545
200,9.9,0.1524,71.3,0.0193001,134.319
630,3.0,0.3048,71.3,0.00425727,129.354
2500,7.2,0.1524,71.3,0.00752039,124.353
200,15.6,0.1016,39.6,0.0528487,123.514
6300,12.7,0.0254,39.6,0.0130253,123.177
1600,17.4,0.0254,71.3,0.016104,126.406
1000,2.7,0.1524,39.6,0.00294804,130.589
200,7.3,0.2286,55.5,0.0111706,135.234
630,0.0,0.3048,31.7,0.00331266,129.095
2500,12.7,0.0254,71.3,0.0121808,134.058
315,22.2,0.0254,71.3,0.0214178,115.857
800,0.0,0.3048,71.3,0.00266337,126.201
2000,8.4,0.0508,39.6,0.00566229,129.965
1250,3.0,0.3048,55.5,0.00452492,127.329
250,17.4,0.0254,39.6,0.0172206,114.714
630,0.0,0.1016,71.3,0.00121072,124.155
6300,12.6,0.1524,39.6,0.0584113,103.38
500,6.7,0.1016,55.5,0.0052139,129.343
630,3.0,0.3048,55.5,0.00452492,129.569
12500,0.0,0.0254,71.3,0.000400682,133.207
2500,7.3,0.2286,39.6,0.0123481,116.559
2500,3.3,0.1016,71.3,0.00202822,133.894
8000,0.0,0.0508,39.6,0.000791822,128.518
4000,8.4,0.0508,31.7,0.00580776,118.106
3150,12.3,0.1016,39.6,0.0408268,113.055
500,22.2,0.0254,71.3,0.0214178,117.967
1250,1.5,0.3048,39.6,0.00392107,125.211
400,2.0,0.2286,71.3,0.00293031,125.116
8000,3.3,0.1016,71.3,0.00202822,121.234
800,7.3,0.2286,39.6,0.0123481,126.299
5000,0.0,0.0254,71.3,0.000400682,136.837
1000,6.7,0.1016,55.5,0.0052139,137.233
4000,11.2,0.0508,71.3,0.014072,122.471
5000,2.0,0.2286,55.5,0.00313525,120.472
1000,3.0,0.3048,71.3,0.00425727,129.004
12500,0.0,0.1016,55.5,0.00131983,119.91
6300,12.3,0.1016,55.5,0.0368233,110.124
2000,12.3,0.1016,31.7,0.0418756,110.447
6300,4.2,0.0508,39.6,0.00152689,125.717
4000,0.0,0.1016,71.3,0.00121072,130.935
3150,0.0,0.1524,71.3,0.0015988,129.377
630,8.4,0.0508,31.7,0.00580776,125.856
16000,4.8,0.0254,55.5,0.000873218,124.394
5000,2.0,0.2286,39.6,0.00346574,118.827
1600,19.7,0.0508,39.6,0.036484,117.604
10000,4.2,0.0508,39.6,0.00152689,116.967
6300,4.8,0.0254,39.6,0.000907475,134.336
3150,5.4,0.1524,55.5,0.00433288,121.587
5000,0.0,0.1016,31.7,0.00150092,124.393
6300,12.3,0.1016,71.3,0.0337792,113.958
1600,2.0,0.2286,55.5,0.00313525,126.752
1000,4.8,0.0254,39.6,0.000907475,122.956
3150,4.0,0.2286,31.7,0.00509068,120.229
5000,4.8,0.0254,31.7,0.000930789,135.248
2500,0.0,0.3048,31.7,0.00331266,120.755
500,12.3,0.1016,39.6,0.0408268,122.205
1250,8.9,0.1016,71.3,0.0103088,132.793
1250,15.6,0.1016,71.3,0.0437259,123.178
16000,0.0,0.2286,71.3,0.00214345,114.984
12500,0.0,0.1524,55.5,0.00172668,117.093
250,7.3,0.2286,39.6,0.0123481,131.889
1250,0.0,0.1016,31.7,0.00150092,133.063
2500,7.3,0.2286,31.7,0.0132672,114.709
10000,0.0,0.0508,31.7,0.000812164,122.45
1000,0.0,0.2286,39.6,0.00253511,130.435
1250,4.8,0.0254,31.7,0.000930789,127.408
2500,4.2,0.0508,71.3,0.00142788,131.978
6300,0.0,0.0254,55.5,0.00041229,136.103
5000,0.0,0.0508,39.6,0.000791822,134.308
315,0.0,0.2286,31.7,0.0027238,120.595
800,2.0,0.2286,39.6,0.00346574,129.037
630,9.9,0.1524,31.7,0.0252785,126.049
2500,3.0,0.3048,39.6,0.00495741,120.162
8000,3.0,0.3048,55.5,0.00452492,113.799
250,5.3,0.2286,39.6,0.00614329,127.011
1000,5.3,0.2286,39.6,0.00614329,125.581
2500,3.3,0.1016,39.6,0.00245138,130.791
1250,19.7,0.0508,71.3,0.0341183,121.485
630,7.3,0.2286,31.7,0.0132672,126.189
200,9.9,0.1524,31.7,0.0252785,127.299
400,15.4,0.0508,39.6,0.0282593,125.353
4000,0.0,0.3048,55.5,0.00283081,121.106
400,12.7,0.0254,39.6,0.0130253,125.527
500,15.4,0.0508,71.3,0.0264269,127.285
2500,0.0,0.0508,71.3,0.000740478,131.31
3150,3.0,0.3048,71.3,0.00425727,121.514
3150,4.8,0.0254,71.3,0.000848633,133.378
6300,4.8,0.0254,31.7,0.000930789,132.898
630,2.0,0.2286,31.7,0.00372371,129.057
2500,5.3,0.2286,71.3,0.0051942,123.74
1600,7.3,0.2286,39.6,0.0123481,121.059
1600,4.2,0.0508,39.6,0.00152689,130.197
5000,3.0,0.3048,71.3,0.00425727,118.134
500,2.0,0.2286,31.7,0.00372371,126.677
5000,5.4,0.1524,39.6,0.00485029,117.037
250,11.2,0.0508,71.3,0.014072,127.101
800,12.3,0.1016,31.7,0.0418756,120.037
4000,17.4,0.0254,31.7,0.0176631,121.996
8000,4.2,0.0508,39.6,0.00152689,120.397
2500,17.4,0.0254,71.3,0.016104,126.746
8000,2.0,0.2286,71.3,0.00293031,115.996
3150,8.4,0.0508,39.6,0.00566229,123.965
10000,3.3,0.1016,71.3,0.00202822,116.694
200,22.2,0.0254,39.6,0.0229028,116.066
1250,12.3,0.1016,39.6,0.0408268,121.165
1600,9.9,0.1524,55.5,0.0208438,119.875
2000,12.3,0.1016,55.5,0.0368233,118.564
800,17.4,0.0254,31.7,0.0176631,139.226
630,5.4,0.1524,31.7,0.00525474,131.471
400,12.7,0.0254,71.3,0.0121808,125.048
12500,0.0,0.0508,31.7,0.000812164,119.07
800,12.7,0.0254,71.3,0.0121808,130.348
800,3.3,0.1016,39.6,0.00245138,129.991
2500,4.0,0.2286,31.7,0.00509068,120.209
400,0.0,0.3048,31.7,0.00331266,125.045
6300,4.0,0.3048,71.3,0.00497773,116.165
5000,4.2,0.0508,39.6,0.00152689,129.777
2000,0.0,0.1524,55.5,0.00172668,129.673
2500,0.0,0.0508,39.6,0.000791822,134.938
1600,15.6,0.1016,71.3,0.0437259,121.528
2500,9.9,0.1524,31.7,0.0252785,114.729
1600,5.4,0.1524,31.7,0.00525474,123.761
800,9.5,0.0254,55.5,0.0043284,128.082
3150,4.0,0.3048,39.6,0.00579636,118.743
2000,5.4,0.1524,31.7,0.00525474,122.771
3150,3.3,0.1016,31.7,0.00251435,128.252
12500,1.5,0.3048,39.6,0.00392107,106.111
315,15.6,0.1016,39.6,0.0528487,122.754
2000,4.8,0.0254,39.6,0.000907475,128.916
315,4.0,0.3048,39.6,0.00579636,126.843
1600,0.0,0.3048,55.5,0.00283081,126.986
1000,8.9,0.1016,39.6,0.0124596,129.58
1250,0.0,0.3048,71.3,0.00266337,125.951
6300,12.3,0.1016,39.6,0.0408268,107.985
1000,9.5,0.0254,39.6,0.00449821,130.374
10000,0.0,0.1524,55.5,0.00172668,119.253
2000,15.4,0.0508,55.5,0.0271925,127.04
1000,9.5,0.0254,71.3,0.00420654,129.556
500,15.6,0.1016,39.6,0.0528487,115.304
12500,4.2,0.0508,71.3,0.00142788,117.328
4000,3.3,0.1016,39.6,0.00245138,124.881
4000,15.6,0.1016,71.3,0.0437259,113.298
315,5.4,0.1524,39.6,0.00485029,125.347
800,15.4,0.0508,31.7,0.0289853,125.555
2500,0.0,0.0254,55.5,0.00041229,130.073
250,9.5,0.0254,39.6,0.00449821,116.924
1000,6.7,0.1016,39.6,0.00578076,134.515
2500,9.9,0.1524,39.6,0.0233328,116.295
8000,4.0,0.2286,55.5,0.0042862,112.524
2500,2.0,0.2286,71.3,0.00293031,127.006
630,15.6,0.1016,71.3,0.0437259,122.288
800,15.6,0.1016,39.6,0.0528487,118.964
4000,9.5,0.0254,71.3,0.00420654,134.236
2500,15.4,0.0508,39.6,0.0282593,122.413
250,4.0,0.3048,71.3,0.00497773,126.395
400,22.2,0.0254,39.6,0.0229028,123.416
1000,11.2,0.0508,39.6,0.0150478,132.43
5000,7.3,0.2286,31.7,0.0132672,111.029
5000,9.5,0.0254,39.6,0.00449821,125.044
1600,19.7,0.0508,71.3,0.0341183,120.575
1000,4.0,0.2286,71.3,0.00400603,131.708
2000,0.0,0.3048,39.6,0.00310138,123.689
1000,8.9,0.1016,71.3,0.0103088,135.433
16000,4.8,0.0254,71.3,0.000848633,124.208
2000,22.2,0.0254,39.6,0.0229028,121.256
1000,9.9,0.1524,71.3,0.0193001,126.349
3150,0.0,0.3048,31.7,0.00331266,119.135
5000,0.0,0.3048,55.5,0.00283081,119.606
1600,9.9,0.1524,71.3,0.0193001,121.789
1000,15.6,0.1016,71.3,0.0437259,124.438
2500,2.0,0.2286,31.7,0.00372371,121.407
1250,6.7,0.1016,71.3,0.00478288,137.658
5000,12.6,0.1524,71.3,0.0483159,108.034
400,8.9,0.1016,39.6,0.0124596,135.54
4000,19.7,0.0508,71.3,0.0341183,113.045
4000,7.3,0.2286,55.5,0.0111706,117.284
200,12.6,0.1524,39.6,0.0584113,114.75
4000,1.5,0.3048,39.6,0.00392107,117.741
630,4.0,0.2286,55.5,0.0042862,129.964
1000,4.2,0.0508,39.6,0.00152689,125.647
2000,7.3,0.2286,31.7,0.0132672,115.309
315,17.4,0.0254,39.6,0.0172206,115.144
1250,12.3,0.1016,71.3,0.0337792,126.648
315,12.3,0.1016,71.3,0.0337792,137.068
4000,3.0,0.3048,55.5,0.00452492,118.689
6300,9.9,0.1524,55.5,0.0208438,110.555
2000,4.0,0.2286,39.6,0.00473801,121.659
1600,8.4,0.0508,31.7,0.00580776,129.296
1250,12.6,0.1524,39.6,0.0584113,112.16
1600,0.0,0.0254,39.6,0.000428464,124.156
315,17.4,0.0254,71.3,0.016104,115.846
400,17.4,0.0254,31.7,0.0176631,120.766
5000,15.4,0.0508,31.7,0.0289853,112.355
1250,12.6,0.1524,71.3,0.0483159,120.154
500,0.0,0.1524,55.5,0.00172668,120.573
200,15.4,0.0508,39.6,0.0282593,121.783
5000,0.0,0.3048,31.7,0.00331266,115.645
2000,8.4,0.0508,55.5,0.00544854,133.042
5000,7.3,0.2286,71.3,0.0104404,115.298
1600,5.3,0.2286,39.6,0.00614329,123.081
315,6.7,0.1016,31.7,0.00592927,126.266
5000,1.5,0.3048,39.6,0.00392107,116.241
6300,4.2,0.0508,71.3,0.00142788,129.308
5000,5.4,0.1524,71.3,0.00401199,120.061
12500,0.0,0.0508,55.5,0.00076193,125.376
16000,1.5,0.3048,71.3,0.00336729,106.582
1600,12.3,0.1016,71.3,0.0337792,124.748
1600,17.4,0.0254,55.5,0.0165706,126.471
2000,9.9,0.1524,55.5,0.0208438,119.505
3150,4.0,0.2286,39.6,0.00473801,120.419
8000,0.0,0.0508,31.7,0.000812164,126.59
1250,0.0,0.3048,31.7,0.00331266,124.355
5000,3.0,0.3048,39.6,0.00495741,115.792
8000,3.0,0.3048,39.6,0.00495741,110.652
200,9.5,0.0254,39.6,0.00449821,116.074
12500,0.0,0.3048,71.3,0.00266337,112.241
3150,3.3,0.1016,71.3,0.00202822,132.114
2500,4.0,0.2286,39.6,0.00473801,119.649
2000,0.0,0.1016,31.7,0.00150092,133.153
3150,2.0,0.2286,31.7,0.00372371,121.527
2000,0.0,0.3048,31.7,0.00331266,122.375
1250,12.3,0.1016,31.7,0.0418756,118.767
2000,4.8,0.0254,71.3,0.000848633,128.398
315,4.0,0.2286,39.6,0.00473801,122.229
500,4.0,0.2286,71.3,0.00400603,126.758
2500,5.4,0.1524,31.7,0.00525474,119.151
1600,0.0,0.2286,71.3,0.00214345,129.134
400,2.0,0.2286,55.5,0.00313525,122.292
250,15.4,0.0508,71.3,0.0264269,124.835
8000,0.0,0.1016,71.3,0.00121072,125.465
8000,7.2,0.1524,39.6,0.00909175,111.588
630,3.0,0.3048,31.7,0.00529514,128.698
630,4.8,0.0254,31.7,0.000930789,120.078
400,8.4,0.0508,39.6,0.00566229,120.015
1000,12.6,0.1524,71.3,0.0483159,122.044
8000,0.0,0.2286,71.3,0.00214345,118.024
3150,9.5,0.0254,55.5,0.0043284,133.252
6300,8.9,0.1016,39.6,0.0124596,113.11
8000,5.4,0.1524,55.5,0.00433288,114.927
6300,3.3,0.1016,55.5,0.002211,123.839
400,3.0,0.3048,55.5,0.00452492,126.159
12500,4.0,0.2286,71.3,0.00400603,114.258
1250,1.5,0.3048,71.3,0.00336729,125.872
3150,8.4,0.0508,31.7,0.00580776,122.086
1600,6.7,0.1016,39.6,0.00578076,127.375
1250,9.9,0.1524,55.5,0.0208438,121.635
1000,4.0,0.3048,39.6,0.00579636,128.723
315,7.3,0.2286,71.3,0.0104404,139.808
250,12.6,0.1524,39.6,0.0584113,115.89
6300,0.0,0.1016,55.5,0.00131983,127.73
5000,0.0,0.0508,31.7,0.000812164,133.23
315,12.7,0.0254,39.6,0.0130253,123.537
1250,3.3,0.1016,55.5,0.002211,132.769
400,12.3,0.1016,55.5,0.0368233,136.414
1250,9.9,0.1524,31.7,0.0252785,118.619
3150,9.9,0.1524,39.6,0.0233328,113.525
1600,15.6,0.1016,39.6,0.0528487,114.554
250,15.6,0.1016,71.3,0.0437259,132.158
2500,3.0,0.3048,31.7,0.00529514,119.598
250,12.3,0.1016,71.3,0.0337792,131.568
1000,0.0,0.1524,39.6,0.00193287,130.033
3150,7.3,0.2286,71.3,0.0104404,120.458
630,12.3,0.1016,55.5,0.0368233,124.244
4000,0.0,0.2286,31.7,0.0027238,122.035
1250,17.4,0.0254,55.5,0.0165706,129.301
2000,12.3,0.1016,71.3,0.0337792,122.218
800,0.0,0.1016,55.5,0.00131983,127.92
250,15.6,0.1016,39.6,0.0528487,124.644
1000,0.0,0.3048,39.6,0.00310138,127.899
2500,15.6,0.1016,71.3,0.0437259,118.998
5000,4.0,0.2286,31.7,0.00509068,115.969
800,0.0,0.1524,71.3,0.0015988,125.817
1600,15.4,0.0508,55.5,0.0271925,128.2
500,9.5,0.0254,55.5,0.0043284,123.082
500,15.4,0.0508,31.7,0.0289853,123.695
800,3.3,0.1016,55.5,0.002211,129.119
2000,9.9,0.1524,39.6,0.0233328,117.925
630,17.4,0.0254,55.5,0.0165706,122.411
8000,7.2,0.1524,71.3,0.00752039,113.333
10000,0.0,0.1016,55.5,0.00131983,121.93
250,9.9,0.1524,31.7,0.0252785,128.559
250,8.9,0.1016,71.3,0.0103088,134.533
2500,19.7,0.0508,39.6,0.036484,116.184
2000,17.4,0.0254,39.6,0.0172206,126.644
630,2.7,0.1524,39.6,0.00294804,125.809
400,5.3,0.2286,39.6,0.00614329,131.221
3150,11.2,0.0508,71.3,0.014072,127.141
630,15.4,0.0508,31.7,0.0289853,124.685
2000,4.2,0.0508,71.3,0.00142788,129.848
1000,0.0,0.1524,55.5,0.00172668,128.583
3150,0.0,0.0508,39.6,0.000791822,135.938
630,9.9,0.1524,55.5,0.0208438,127.315
2500,5.4,0.1524,55.5,0.00433288,124.077
500,5.4,0.1524,55.5,0.00433288,129.367
4000,7.3,0.2286,39.6,0.0123481,114.079
1250,7.3,0.2286,31.7,0.0132672,120.509
3150,17.4,0.0254,55.5,0.0165706,124.101
16000,4.0,0.2286,71.3,0.00400603,112.768
6300,0.0,0.1016,31.7,0.00150092,124.253
4000,12.6,0.1524,39.6,0.0584113,104.5
2000,2.0,0.2286,39.6,0.00346574,122.797
1250,0.0,0.1524,55.5,0.00172668,129.953
16000,0.0,0.1524,71.3,0.0015988,113.297
3150,0.0,0.1016,39.6,0.00146332,130.961
1600,0.0,0.3048,39.6,0.00310138,124.049
2000,6.7,0.1016,39.6,0.00578076,122.235
1000,0.0,0.1524,71.3,0.0015988,127.307
630,5.4,0.1524,55.5,0.00433288,131.807
500,9.9,0.1524,55.5,0.0208438,127.815
1250,7.3,0.2286,55.5,0.0111706,125.724
3150,15.6,0.1016,39.6,0.0528487,109.254
1600,4.0,0.3048,71.3,0.00497773,126.645
1250,15.4,0.0508,71.3,0.0264269,130.845
630,1.5,0.3048,39.6,0.00392107,128.311
1600,15.4,0.0508,39.6,0.0282593,124.843
200,12.6,0.1524,71.3,0.0483159,128.354
315,17.4,0.0254,31.7,0.0176631,118.416
400,1.5,0.3048,39.6,0.00392107,124.001
2000,0.0,0.1524,31.7,0.00209405,128.907
1600,0.0,0.1524,71.3,0.0015988,129.667
800,15.4,0.0508,55.5,0.0271925,130.43
5000,3.3,0.1016,71.3,0.00202822,127.054
630,8.9,0.1016,71.3,0.0103088,138.423
5000,0.0,0.0254,31.7,0.000439472,138.607
2000,4.0,0.2286,31.7,0.00509068,122.089
630,4.0,0.3048,39.6,0.00579636,131.073
2000,9.5,0.0254,31.7,0.00461377,130.496
1600,15.4,0.0508,31.7,0.0289853,121.485
800,7.2,0.1524,39.6,0.00909175,132.358
2500,22.2,0.0254,39.6,0.0229028,121.306
5000,0.0,0.2286,55.5,0.00229336,122.41
3150,9.5,0.0254,31.7,0.00461377,128.536
200,19.7,0.0508,71.3,0.0341183,118.005
800,0.0,0.2286,39.6,0.00253511,130.205
2500,22.2,0.0254,71.3,0.0214178,126.097
800,0.0,0.1016,71.3,0.00121072,126.805
3150,22.2,0.0254,39.6,0.0229028,120.856
500,8.9,0.1016,39.6,0.0124596,133.79
1000,2.0,0.2286,39.6,0.00346574,129.147
4000,0.0,0.1524,55.5,0.00172668,127.233
2000,9.9,0.1524,71.3,0.0193001,120.779
630,3.3,0.1016,39.6,0.00245138,127.251
6300,3.3,0.1016,31.7,0.00251435,120.702
800,0.0,0.1016,39.6,0.00146332,128.401
2500,0.0,0.1524,71.3,0.0015988,128.127
12500,0.0,0.0254,55.5,0.00041229,131.453
2000,2.0,0.2286,31.7,0.00372371,123.037
3150,11.2,0.0508,39.6,0.0150478,119.67
6300,5.3,0.2286,39.6,0.00614329,112.541
2500,4.0,0.2286,55.5,0.0042862,122.384
3150,9.9,0.1524,71.3,0.0193001,116.849
1000,4.0,0.2286,39.6,0.00473801,129.969
630,9.5,0.0254,55.5,0.0043284,125.452
10000,0.0,0.1524,71.3,0.0015988,120.247
1600,9.9,0.1524,39.6,0.0233328,118.545
250,9.9,0.1524,39.6,0.0233328,128.335
800,11.2,0.0508,39.6,0.0150478,133.79
2000,4.8,0.0254,55.5,0.000873218,125.054
6300,12.7,0.0254,71.3,0.0121808,125.398
1250,12.7,0.0254,71.3,0.0121808,133.048
630,12.3,0.1016,39.6,0.0408268,121.315
1250,9.5,0.0254,55.5,0.0043284,132.202
6300,0.0,0.1524,55.5,0.00172668,123.303
1600,3.0,0.3048,55.5,0.00452492,124.439
20000,4.0,0.2286,71.3,0.00400603,109.638
16000,0.0,0.0254,55.5,0.00041229,125.683
4000,1.5,0.3048,71.3,0.00336729,121.762
2500,17.4,0.0254,31.7,0.0176631,124.166
2000,7.3,0.2286,55.5,0.0111706,120.354
2000,8.9,0.1016,71.3,0.0103088,124.233
6300,0.0,0.1524,39.6,0.00193287,121.313
3150,4.8,0.0254,55.5,0.000873218,132.354
5000,0.0,0.0254,39.6,0.000428464,136.536
200,17.4,0.0254,39.6,0.0172206,114.044
5000,15.6,0.1016,39.6,0.0528487,106.224
2500,3.3,0.1016,31.7,0.00251435,130.392
315,2.0,0.2286,39.6,0.00346574,120.137
400,8.4,0.0508,31.7,0.00580776,120.076
5000,12.3,0.1016,71.3,0.0337792,116.108
630,12.6,0.1524,71.3,0.0483159,123.304
2500,4.8,0.0254,31.7,0.000930789,132.588
1250,0.0,0.1016,39.6,0.00146332,132.271
800,4.0,0.2286,31.7,0.00509068,130.869
2500,7.2,0.1524,39.6,0.00909175,117.478
630,7.3,0.2286,71.3,0.0104404,133.768
500,5.4,0.1524,39.6,0.00485029,129.937
5000,12.7,0.0254,71.3,0.0121808,128.978
4000,4.8,0.0254,55.5,0.000873218,133.924
2000,12.3,0.1016,39.6,0.0408268,114.085
5000,17.4,0.0254,31.7,0.0176631,117.996
8000,0.0,0.3048,71.3,0.00266337,117.151
6300,9.5,0.0254,31.7,0.00461377,120.726
6300,4.0,0.2286,55.5,0.0042862,117.154
1600,3.0,0.3048,71.3,0.00425727,126.514
2000,2.0,0.2286,55.5,0.00313525,124.612
1000,12.3,0.1016,71.3,0.0337792,127.928
12500,2.7,0.1524,71.3,0.00243851,113.034
200,17.4,0.0254,31.7,0.0176631,116.146
250,19.7,0.0508,39.6,0.036484,127.224
630,6.7,0.1016,31.7,0.00592927,132.116
2500,8.4,0.0508,71.3,0.00529514,134.226
1600,8.4,0.0508,71.3,0.00529514,133.846
630,19.7,0.0508,39.6,0.036484,120.324
8000,3.3,0.1016,39.6,0.00245138,118.091
5000,0.0,0.2286,39.6,0.00253511,122.175
1600,0.0,0.3048,31.7,0.00331266,122.365
2000,0.0,0.0254,55.5,0.00041229,127.623
500,4.8,0.0254,31.7,0.000930789,116.128
4000,12.7,0.0254,71.3,0.0121808,131.808
1000,17.4,0.0254,31.7,0.0176631,131.796
800,8.4,0.0508,71.3,0.00529514,127.556
800,6.7,0.1016,39.6,0.00578076,134.625
10000,4.2,0.0508,71.3,0.00142788,121.238
2000,3.3,0.1016,39.6,0.00245138,132.301
1600,0.0,0.1016,31.7,0.00150092,133.553
6300,5.4,0.1524,55.5,0.00433288,117.287
3150,0.0,0.0508,31.7,0.000812164,135.49
2000,3.3,0.1016,71.3,0.00202822,134.034
2500,9.5,0.0254,39.6,0.00449821,131.234
200,19.7,0.0508,39.6,0.036484,125.974
1600,0.0,0.2286,55.5,0.00229336,126.79
10000,0.0,0.1016,31.7,0.00150092,115.893
5000,9.5,0.0254,55.5,0.0043284,128.412
800,5.4,0.1524,55.5,0.00433288,133.097
1000,12.7,0.0254,71.3,0.0121808,131.698
315,2.0,0.2286,31.7,0.00372371,120.147
5000,3.0,0.3048,55.5,0.00452492,117.309
500,7.3,0.2286,55.5,0.0111706,133.174
1000,17.4,0.0254,39.6,0.0172206,138.274
800,4.0,0.2286,71.3,0.00400603,130.688
3150,22.2,0.0254,71.3,0.0214178,124.127
1250,17.4,0.0254,39.6,0.0172206,131.364
2500,9.9,0.1524,55.5,0.0208438,118.365
6300,5.4,0.1524,39.6,0.00485029,116.677
8000,4.0,0.3048,71.3,0.00497773,113.665
4000,0.0,0.0508,31.7,0.000812164,134.11
250,19.7,0.0508,71.3,0.0341183,119.115
1000,5.3,0.2286,71.3,0.0051942,134.0
2000,15.6,0.1016,71.3,0.0437259,119.888
5000,5.4,0.1524,55.5,0.00433288,118.757
2000,4.8,0.0254,31.7,0.000930789,130.148
4000,15.4,0.0508,55.5,0.0271925,120.92
400,17.4,0.0254,71.3,0.016104,117.396
3150,15.4,0.0508,55.5,0.0271925,123.46
800,9.9,0.1524,71.3,0.0193001,128.879
2500,7.3,0.2286,55.5,0.0111706,118.994
5000,9.9,0.1524,31.7,0.0252785,109.949
4000,4.0,0.2286,55.5,0.0042862,120.654
1600,1.5,0.3048,71.3,0.00336729,126.632
3150,4.0,0.2286,71.3,0.00400603,124.108
630,5.3,0.2286,39.6,0.00614329,132.011
5000,8.4,0.0508,55.5,0.00544854,115.812
1600,5.4,0.1524,71.3,0.00401199,133.241
2500,4.8,0.0254,71.3,0.000848633,130.828
1600,7.3,0.2286,55.5,0.0111706,123.354
12500,0.0,0.0254,39.6,0.000428464,129.116
2000,0.0,0.1524,39.6,0.00193287,129.633
10000,0.0,0.3048,39.6,0.00310138,112.139
1600,12.3,0.1016,55.5,0.0368233,121.824
6300,0.0,0.0508,55.5,0.00076193,132.796
400,7.2,0.1524,39.6,0.00909175,132.118
1000,3.3,0.1016,71.3,0.00202822,131.434
1000,9.9,0.1524,31.7,0.0252785,122.149
630,3.3,0.1016,31.7,0.00251435,128.952
400,0.0,0.2286,39.6,0.00253511,123.565
2000,0.0,0.0508,71.3,0.000740478,131.06
500,0.0,0.2286,31.7,0.0027238,126.675
250,7.3,0.2286,31.7,0.0132672,130.089
250,8.9,0.1016,39.6,0.0124596,134.34
800,17.4,0.0254,55.5,0.0165706,123.091
4000,3.3,0.1016,31.7,0.00251435,124.852
2500,3.0,0.3048,55.5,0.00452492,122.439
250,12.7,0.0254,39.6,0.0130253,121.547
1000,9.9,0.1524,39.6,0.0233328,123.835
200,12.3,0.1016,55.5,0.0368233,132.304
315,8.9,0.1016,39.6,0.0124596,135.38
4000,22.2,0.0254,39.6,0.0229028,119.646
1600,9.5,0.0254,31.7,0.00461377,131.036
1250,2.0,0.2286,31.7,0.00372371,128.677
5000,0.0,0.0508,55.5,0.00076193,134.556
2500,0.0,0.2286,39.6,0.00253511,125.025
10000,0.0,0.1016,39.6,0.00146332,119.561
200,0.0,0.3048,39.6,0.00310138,118.129
2500,2.0,0.2286,39.6,0.00346574,121.397
250,17.4,0.0254,31.7,0.0176631,116.956
400,8.4,0.0508,55.5,0.00544854,121.582
630,4.0,0.2286,39.6,0.00473801,129.579
630,0.0,0.2286,39.6,0.00253511,128.705
10000,12.7,0.0254,71.3,0.0121808,114.418
630,9.5,0.0254,39.6,0.00449821,126.514
4000,12.3,0.1016,39.6,0.0408268,110.905
2500,0.0,0.0508,55.5,0.00076193,133.956
6300,22.2,0.0254,71.3,0.0214178,123.127
1600,2.0,0.2286,31.7,0.00372371,125.797
4000,4.8,0.0254,39.6,0.000907475,134.996
12500,0.0,0.3048,55.5,0.00283081,111.076
2000,5.4,0.1524,39.6,0.00485029,124.647
6300,15.4,0.0508,39.6,0.0282593,109.663
4000,3.0,0.3048,31.7,0.00529514,115.608
3150,3.0,0.3048,39.6,0.00495741,118.922
12500,1.5,0.3048,71.3,0.00336729,109.222
2500,12.3,0.1016,71.3,0.0337792,121.318
2000,0.0,0.1016,39.6,0.00146332,133.251
315,7.3,0.2286,55.5,0.0111706,136.284
800,12.7,0.0254,39.6,0.0130253,130.217
5000,12.3,0.1016,55.5,0.0368233,112.014
5000,0.0,0.3048,39.6,0.00310138,117.789
630,12.3,0.1016,31.7,0.0418756,119.287
8000,17.4,0.0254,71.3,0.016104,115.466
5000,4.8,0.0254,55.5,0.000873218,135.484
1000,12.3,0.1016,31.7,0.0418756,119.777
1250,9.9,0.1524,71.3,0.0193001,122.679
630,2.0,0.2286,39.6,0.00346574,127.417
8000,1.5,0.3048,71.3,0.00336729,115.372
1000,11.2,0.0508,71.3,0.014072,136.941
1600,0.0,0.0254,31.7,0.000439472,129.267
4000,3.0,0.3048,39.6,0.00495741,116.792
1000,17.4,0.0254,71.3,0.016104,125.816
4000,9.5,0.0254,55.5,0.0043284,131.582
500,11.2,0.0508,39.6,0.0150478,131.96
250,0.0,0.3048,39.6,0.00310138,119.319
1600,8.9,0.1016,39.6,0.0124596,123.82
500,17.4,0.0254,55.5,0.0165706,119.621
400,0.0,0.3048,39.6,0.00310138,124.809
2500,5.4,0.1524,71.3,0.00401199,127.591
630,15.6,0.1016,39.6,0.0528487,118.084
800,0.0,0.3048,31.7,0.00331266,129.235
500,4.8,0.0254,39.6,0.000907475,116.366
4000,17.4,0.0254,55.5,0.0165706,121.771
1250,4.2,0.0508,39.6,0.00152689,128.427
400,15.6,0.1016,39.6,0.0528487,120.484
2500,8.9,0.1016,39.6,0.0124596,119.19
1600,4.2,0.0508,71.3,0.00142788,124.318
315,12.3,0.1016,55.5,0.0368233,135.674
800,0.0,0.0508,39.6,0.000791822,126.508
1000,5.4,0.1524,31.7,0.00525474,128.241
5000,9.9,0.1524,55.5,0.0208438,112.065
3150,4.0,0.3048,71.3,0.00497773,121.775
800,12.3,0.1016,39.6,0.0408268,122.315
1600,12.6,0.1524,71.3,0.0483159,120.534
10000,3.3,0.1016,55.5,0.002211,115.659
2000,6.7,0.1016,31.7,0.00592927,120.446
500,8.9,0.1016,71.3,0.0103088,138.523
2500,19.7,0.0508,71.3,0.0341183,118.385
500,4.0,0.2286,55.5,0.0042862,127.314
630,8.4,0.0508,55.5,0.00544854,126.152
2000,0.0,0.0508,31.7,0.000812164,133.01
2500,12.3,0.1016,39.6,0.0408268,113.315
10000,0.0,0.1524,39.6,0.00193287,115.413
6300,0.0,0.3048,71.3,0.00266337,119.541
6300,4.8,0.0254,55.5,0.000873218,135.164
630,19.7,0.0508,71.3,0.0341183,128.365
400,12.6,0.1524,39.6,0.0584113,115.91
1600,12.7,0.0254,39.6,0.0130253,129.977
3150,17.4,0.0254,71.3,0.016104,126.536
250,12.3,0.1016,31.7,0.0418756,125.857
6300,4.0,0.2286,39.6,0.00473801,114.249
200,8.9,0.1016,39.6,0.0124596,133.42
4000,2.7,0.1524,71.3,0.00243851,126.534
1600,7.3,0.2286,31.7,0.0132672,119.039
800,17.4,0.0254,71.3,0.016104,124.276
630,0.0,0.1016,55.5,0.00131983,126.17
4000,8.4,0.0508,71.3,0.00529514,126.926
8000,12.7,0.0254,39.6,0.0130253,120.607
10000,4.0,0.2286,71.3,0.00400603,113.108
800,1.5,0.3048,39.6,0.00392107,128.831
10000,0.0,0.3048,31.7,0.00331266,108.265
2500,3.0,0.3048,71.3,0.00425727,124.024
400,4.0,0.2286,31.7,0.00509068,126.149
4000,0.0,0.1016,55.5,0.00131983,129.5
1250,15.4,0.0508,31.7,0.0289853,123.255
250,11.2,0.0508,39.6,0.0150478,126.43
630,0.0,0.1016,31.7,0.00150092,126.413
4000,5.4,0.1524,71.3,0.00401199,121.431
500,1.5,0.3048,39.6,0.00392107,126.661
800,3.3,0.1016,71.3,0.00202822,131.074
3150,0.0,0.1016,71.3,0.00121072,131.955
10000,2.7,0.1524,71.3,0.00243851,116.724
1250,17.4,0.0254,71.3,0.016104,126.356
4000,7.3,0.2286,31.7,0.0132672,112.639
5000,12.3,0.1016,39.6,0.0408268,108.625
200,7.3,0.2286,39.6,0.0123481,130.989
800,3.0,0.3048,55.5,0.00452492,129.949
8000,0.0,0.0254,71.3,0.000400682,129.867
1000,15.4,0.0508,55.5,0.0271925,130.4
5000,1.5,0.3048,71.3,0.00336729,119.632
1000,0.0,0.3048,71.3,0.00266337,125.201
630,0.0,0.1524,55.5,0.00172668,123.583
8000,4.0,0.2286,71.3,0.00400603,112.848
1000,0.0,0.0254,31.7,0.000439472,125.127
6300,0.0,0.1016,71.3,0.00121072,129.395
2000,2.7,0.1524,39.6,0.00294804,128.139
630,11.2,0.0508,71.3,0.014072,133.611
6300,0.0,0.2286,55.5,0.00229336,118.41
4000,3.3,0.1016,55.5,0.002211,127.229
2000,19.7,0.0508,39.6,0.036484,117.724
3150,5.3,0.2286,39.6,0.00614329,118.441
3150,17.4,0.0254,39.6,0.0172206,123.564
2000,19.7,0.0508,71.3,0.0341183,120.055
1250,12.7,0.0254,39.6,0.0130253,130.777
2500,4.0,0.3048,71.3,0.00497773,123.775
250,9.5,0.0254,31.7,0.00461377,120.136
10000,4.0,0.3048,71.3,0.00497773,110.905
1000,7.3,0.2286,55.5,0.0111706,125.194
800,6.7,0.1016,31.7,0.00592927,132.886
630,15.4,0.0508,39.6,0.0282593,127.443
400,2.0,0.2286,39.6,0.00346574,122.147
800,0.0,0.1524,55.5,0.00172668,126.713
3150,0.0,0.0508,55.5,0.00076193,134.826
5000,3.3,0.1016,55.5,0.002211,124.839
800,0.0,0.0508,71.3,0.000740478,130.96
630,0.0,0.3048,39.6,0.00310138,128.629
1600,0.0,0.1524,31.7,0.00209405,130.817
800,9.9,0.1524,31.7,0.0252785,125.539
12500,0.0,0.0508,71.3,0.000740478,125.22
500,2.0,0.2286,71.3,0.00293031,126.486
6300,12.6,0.1524,71.3,0.0483159,107.284
10000,0.0,0.0508,55.5,0.00076193,127.636
2500,0.0,0.2286,55.5,0.00229336,126.54
4000,4.0,0.3048,39.6,0.00579636,115.863
6300,0.0,0.1016,39.6,0.00146332,125.631
3150,0.0,0.3048,71.3,0.00266337,125.201
800,11.2,0.0508,71.3,0.014072,136.031
800,2.0,0.2286,71.3,0.00293031,128.216
2000,1.5,0.3048,39.6,0.00392107,122.101
1600,7.2,0.1524,71.3,0.00752039,130.893
315,19.7,0.0508,39.6,0.036484,129.864
630,6.7,0.1016,39.6,0.00578076,133.355
1250,15.4,0.0508,39.6,0.0282593,126.743
800,3.3,0.1016,31.7,0.00251435,131.362
8000,0.0,0.1016,39.6,0.00146332,122.341
800,0.0,0.0508,31.7,0.000812164,122.79
6300,4.0,0.2286,71.3,0.00400603,118.618
5000,17.4,0.0254,71.3,0.016104,123.126
1600,0.0,0.1016,55.5,0.00131983,132.05
6300,0.0,0.3048,39.6,0.00310138,116.229
800,8.4,0.0508,55.5,0.00544854,128.562
315,7.3,0.2286,39.6,0.0123481,132.149
4000,9.9,0.1524,31.7,0.0252785,111.459
2000,8.4,0.0508,31.7,0.00580776,127.686
2500,15.4,0.0508,71.3,0.0264269,127.625
1000,0.0,0.1016,55.5,0.00131983,129.8
1600,12.7,0.0254,71.3,0.0121808,134.528
5000,4.8,0.0254,71.3,0.000848633,135.468
1000,1.5,0.3048,71.3,0.00336729,125.992
200,7.3,0.2286,31.7,0.0132672,128.679
8000,2.7,0.1524,71.3,0.00243851,120.534
1250,7.2,0.1524,39.6,0.00909175,122.428
8000,0.0,0.0254,55.5,0.00041229,136.163
1600,0.0,0.1524,55.5,0.00172668,130.183
1000,7.3,0.2286,71.3,0.0104404,126.838
1250,5.4,0.1524,55.5,0.00433288,130.777
2500,12.3,0.1016,55.5,0.0368233,117.054
500,22.2,0.0254,39.6,0.0229028,129.776
800,2.0,0.2286,31.7,0.00372371,130.307
3150,2.0,0.2286,55.5,0.00313525,123.742
8000,0.0,0.0254,31.7,0.000439472,137.207
315,5.4,0.1524,31.7,0.00525474,125.741
2000,15.4,0.0508,39.6,0.0282593,123.443
2500,0.0,0.0254,39.6,0.000428464,131.836
1000,3.0,0.3048,31.7,0.00529514,126.838
3150,12.3,0.1016,55.5,0.0368233,116.914
1600,6.7,0.1016,55.5,0.0052139,133.653
3150,7.3,0.2286,55.5,0.0111706,117.134
5000,4.0,0.2286,71.3,0.00400603,121.118
500,5.3,0.2286,71.3,0.0051942,129.88
315,12.3,0.1016,39.6,0.0408268,129.415
315,3.0,0.3048,39.6,0.00495741,123.312
630,15.4,0.0508,71.3,0.0264269,129.645
1250,12.3,0.1016,55.5,0.0368233,124.214
5000,0.0,0.2286,31.7,0.0027238,120.505
250,17.4,0.0254,55.5,0.0165706,110.491
6300,7.3,0.2286,71.3,0.0104404,115.818
1600,4.8,0.0254,39.6,0.000907475,125.966
6300,7.2,0.1524,39.6,0.00909175,112.688
2000,5.4,0.1524,71.3,0.00401199,131.111
5000,0.0,0.1016,55.5,0.00131983,128.36
315,11.2,0.0508,39.6,0.0150478,128.99
2500,0.0,0.1016,55.5,0.00131983,133.04
2000,0.0,0.1016,71.3,0.00121072,132.095
1000,17.4,0.0254,55.5,0.0165706,126.001
3150,0.0,0.1524,39.6,0.00193287,125.603
4000,7.2,0.1524,71.3,0.00752039,119.343
5000,0.0,0.1016,39.6,0.00146332,126.021
2500,0.0,0.0254,31.7,0.000439472,132.897
500,15.6,0.1016,71.3,0.0437259,130.638
3150,15.4,0.0508,31.7,0.0289853,118.045
2000,1.5,0.3048,71.3,0.00336729,126.642
6300,3.3,0.1016,39.6,0.00245138,120.851
2500,15.6,0.1016,39.6,0.0528487,110.264
1600,6.7,0.1016,31.7,0.00592927,124.346
500,9.5,0.0254,31.7,0.00461377,126.886
10000,3.0,0.3048,71.3,0.00425727,110.224
8000,0.0,0.1016,31.7,0.00150092,120.193
1600,2.7,0.1524,71.3,0.00243851,130.644
3150,3.3,0.1016,39.6,0.00245138,128.401
2000,9.5,0.0254,71.3,0.00420654,134.976
8000,0.0,0.1524,31.7,0.00209405,117.957
6300,2.7,0.1524,39.6,0.00294804,119.209
630,8.9,0.1016,39.6,0.0124596,131.92
4000,4.0,0.2286,31.7,0.00509068,118.859
2500,12.3,0.1016,31.7,0.0418756,110.317
2500,12.6,0.1524,39.6,0.0584113,106.88
2500,11.2,0.0508,39.6,0.0150478,122.17
1250,0.0,0.1524,39.6,0.00193287,131.023
200,7.3,0.2286,71.3,0.0104404,138.758
2000,5.4,0.1524,55.5,0.00433288,128.707
800,12.3,0.1016,71.3,0.0337792,127.318
6300,1.5,0.3048,71.3,0.00336729,118.122
1250,0.0,0.3048,39.6,0.00310138,125.499
1250,8.4,0.0508,71.3,0.00529514,132.086
1000,5.4,0.1524,39.6,0.00485029,130.507
2000,12.6,0.1524,39.6,0.0584113,109.52
1600,3.3,0.1016,39.6,0.00245138,133.071
5000,0.0,0.2286,71.3,0.00214345,124.304
16000,0.0,0.0254,39.6,0.000428464,124.986
2500,4.8,0.0254,39.6,0.000907475,131.236
1600,4.8,0.0254,31.7,0.000930789,128.718
1600,2.7,0.1524,39.6,0.00294804,130.049
1000,8.4,0.0508,39.6,0.00566229,130.195
3150,4.0,0.2286,55.5,0.0042862,122.394
1000,0.0,0.2286,31.7,0.0027238,130.595
2000,3.0,0.3048,31.7,0.00529514,120.088
5000,15.4,0.0508,39.6,0.0282593,114.453
800,0.0,0.2286,55.5,0.00229336,127.53
5000,9.5,0.0254,71.3,0.00420654,131.186
4000,4.0,0.2286,71.3,0.00400603,121.728
8000,12.7,0.0254,71.3,0.0121808,120.538
315,7.3,0.2286,31.7,0.0132672,130.239
800,12.6,0.1524,39.6,0.0584113,116.56
400,15.4,0.0508,71.3,0.0264269,126.805
315,7.2,0.1524,39.6,0.00909175,130.558
3150,5.4,0.1524,31.7,0.00525474,118.291
800,8.9,0.1016,39.6,0.0124596,130.94
5000,7.2,0.1524,39.6,0.00909175,113.288
250,12.6,0.1524,71.3,0.0483159,129.744
6300,0.0,0.1524,31.7,0.00209405,119.737
1250,4.0,0.2286,55.5,0.0042862,131.264
315,1.5,0.3048,39.6,0.00392107,121.851
500,5.4,0.1524,71.3,0.00401199,126.291
20000,4.8,0.0254,71.3,0.000848633,119.708
5000,12.3,0.1016,31.7,0.0418756,107.147
2500,8.4,0.0508,39.6,0.00566229,127.465
250,7.2,0.1524,39.6,0.00909175,127.488
1250,4.0,0.3048,71.3,0.00497773,129.395
1600,15.4,0.0508,71.3,0.0264269,130.065
1250,5.4,0.1524,31.7,0.00525474,123.991
2000,3.3,0.1016,55.5,0.002211,133.649
6300,2.0,0.2286,55.5,0.00313525,118.712
1250,6.7,0.1016,39.6,0.00578076,132.395
2500,5.4,0.1524,39.6,0.00485029,120.497
6300,5.4,0.1524,71.3,0.00401199,116.411
250,15.4,0.0508,55.5,0.0271925,124.17
800,1.5,0.3048,71.3,0.00336729,127.122
400,2.0,0.2286,31.7,0.00372371,123.417
500,8.4,0.0508,31.7,0.00580776,122.966
315,15.4,0.0508,71.3,0.0264269,126.195
2000,15.4,0.0508,31.7,0.0289853,120.835
5000,0.0,0.0254,55.5,0.00041229,135.803
12500,0.0,0.1016,71.3,0.00121072,119.375
2000,0.0,0.2286,71.3,0.00214345,128.244
400,7.3,0.2286,31.7,0.0132672,130.269
500,19.7,0.0508,71.3,0.0341183,126.995
200,17.4,0.0254,71.3,0.016104,112.506
1600,7.2,0.1524,39.6,0.00909175,120.058
1250,0.0,0.1524,31.7,0.00209405,131.467
1000,12.3,0.1016,39.6,0.0408268,122.435
250,9.9,0.1524,71.3,0.0193001,135.329
6300,7.2,0.1524,71.3,0.00752039,116.603
2500,4.0,0.2286,71.3,0.00400603,124.338
1600,17.4,0.0254,39.6,0.0172206,127.614
6300,3.0,0.3048,31.7,0.00529514,109.718
400,6.7,0.1016,31.7,0.00592927,128.296
2000,0.0,0.2286,39.6,0.00253511,125.305
630,5.4,0.1524,39.6,0.00485029,132.357
315,12.3,0.1016,31.7,0.0418756,124.717
20000,0.0,0.0254,55.5,0.00041229,121.933
10000,2.7,0.1524,39.6,0.00294804,112.589
1600,4.0,0.2286,31.7,0.00509068,125.229
800,7.2,0.1524,71.3,0.00752039,136.023
2000,12.7,0.0254,39.6,0.0130253,129.567
8000,4.8,0.0254,71.3,0.000848633,131.518
500,2.0,0.2286,39.6,0.00346574,125.157
2500,0.0,0.1524,55.5,0.00172668,127.763
1600,8.4,0.0508,39.6,0.00566229,130.965
3150,15.4,0.0508,39.6,0.0282593,120.513
630,0.0,0.1524,31.7,0.00209405,125.997
3150,15.4,0.0508,71.3,0.0264269,125.715
1250,2.0,0.2286,55.5,0.00313525,128.762
1000,0.0,0.0508,71.3,0.000740478,129.45
4000,4.2,0.0508,71.3,0.00142788,133.598
3150,8.4,0.0508,55.5,0.00544854,128.402
4000,2.0,0.2286,71.3,0.00293031,124.086
8000,0.0,0.1524,55.5,0.00172668,121.903
500,12.3,0.1016,55.5,0.0368233,133.774
4000,0.0,0.0254,55.5,0.00041229,133.223
2000,8.9,0.1016,39.6,0.0124596,119.04
5000,7.3,0.2286,39.6,0.0123481,111.959
4000,8.4,0.0508,55.5,0.00544854,122.612
5000,0.0,0.1524,39.6,0.00193287,123.453
500,0.0,0.1524,31.7,0.00209405,121.617
500,9.9,0.1524,31.7,0.0252785,127.179
630,8.4,0.0508,39.6,0.00566229,126.045
1000,15.4,0.0508,71.3,0.0264269,131.865
630,7.2,0.1524,39.6,0.00909175,133.198
4000,15.4,0.0508,39.6,0.0282593,118.113
10000,0.0,0.0254,55.5,0.00041229,134.563
400,5.3,0.2286,71.3,0.0051942,127.7
400,9.5,0.0254,31.7,0.00461377,124.756
8000,0.0,0.0508,71.3,0.000740478,130.89
2500,8.9,0.1016,71.3,0.0103088,123.623
2000,0.0,0.0254,39.6,0.000428464,130.026
3150,8.4,0.0508,71.3,0.00529514,131.966
630,22.2,0.0254,71.3,0.0214178,120.657
1000,15.4,0.0508,39.6,0.0282593,127.893
1250,4.8,0.0254,39.6,0.000907475,125.026
3150,9.5,0.0254,71.3,0.00420654,136.166
2000,0.0,0.0508,39.6,0.000791822,132.918
400,17.4,0.0254,55.5,0.0165706,115.461
500,8.4,0.0508,55.5,0.00544854,123.742
1600,9.9,0.1524,31.7,0.0252785,117.119
2000,3.0,0.3048,71.3,0.00425727,125.524
5000,0.0,0.3048,71.3,0.00266337,121.301
4000,12.3,0.1016,71.3,0.0337792,118.018
800,15.4,0.0508,39.6,0.0282593,128.423
4000,0.0,0.0508,39.6,0.000791822,135.308
500,15.4,0.0508,55.5,0.0271925,127.22
630,4.0,0.2286,71.3,0.00400603,129.038
1250,2.0,0.2286,71.3,0.00293031,128.816
2000,5.3,0.2286,71.3,0.0051942,125.89
2500,9.5,0.0254,71.3,0.00420654,135.956
5000,2.0,0.2286,71.3,0.00293031,122.816
4000,12.6,0.1524,71.3,0.0483159,108.034
5000,2.7,0.1524,39.6,0.00294804,121.499
2000,17.4,0.0254,55.5,0.0165706,125.261
630,6.7,0.1016,55.5,0.0052139,133.023
630,2.0,0.2286,55.5,0.00313525,126.842
5000,15.4,0.0508,55.5,0.0271925,117.11
6300,0.0,0.2286,39.6,0.00253511,117.465
2000,22.2,0.0254,71.3,0.0214178,127.197
1250,6.7,0.1016,55.5,0.0052139,136.883
630,9.9,0.1524,71.3,0.0193001,129.889
500,2.7,0.1524,39.6,0.00294804,121.009
1000,19.7,0.0508,39.6,0.036484,118.904
4000,0.0,0.1524,39.6,0.00193287,125.343
800,5.3,0.2286,71.3,0.0051942,133.48
3150,2.0,0.2286,39.6,0.00346574,121.627
400,5.4,0.1524,55.5,0.00433288,126.807
1250,0.0,0.0508,31.7,0.000812164,129.27
1600,8.9,0.1016,71.3,0.0103088,128.763
4000,9.9,0.1524,39.6,0.0233328,112.265
3150,9.9,0.1524,31.7,0.0252785,112.209
6300,4.8,0.0254,71.3,0.000848633,134.498
4000,0.0,0.0508,71.3,0.000740478,134.43
5000,3.3,0.1016,31.7,0.00251435,122.082
5000,4.0,0.2286,39.6,0.00473801,117.649
5000,8.9,0.1016,71.3,0.0103088,116.723
1600,7.3,0.2286,71.3,0.0104404,125.728
2000,12.6,0.1524,71.3,0.0483159,117.504
250,0.0,0.3048,31.7,0.00331266,118.595
315,15.4,0.0508,55.5,0.0271925,125.39
10000,4.8,0.0254,71.3,0.000848633,127.398
800,8.4,0.0508,39.6,0.00566229,128.435
1000,3.3,0.1016,55.5,0.002211,131.129
315,9.9,0.1524,55.5,0.0208438,132.355
1000,12.3,0.1016,55.5,0.0368233,125.484
315,11.2,0.0508,71.3,0.014072,128.381
630,0.0,0.1016,39.6,0.00146332,125.401
6300,4.0,0.2286,31.7,0.00509068,112.699
3150,15.6,0.1016,71.3,0.0437259,116.468
630,5.4,0.1524,71.3,0.00401199,128.971
6300,0.0,0.3048,31.7,0.00331266,113.775
3150,0.0,0.0254,31.7,0.000439472,135.227
3150,0.0,0.0254,55.5,0.00041229,130.503
400,17.4,0.0254,39.6,0.0172206,115.444
630,6.7,0.1016,71.3,0.00478288,131.448
8000,0.0,0.0508,55.5,0.00076193,130.156
500,7.2,0.1524,71.3,0.00752039,132.043
1000,2.0,0.2286,71.3,0.00293031,128.956
1000,3.3,0.1016,39.6,0.00245138,131.971
5000,0.0,0.1524,31.7,0.00209405,122.397
6300,15.4,0.0508,31.7,0.0289853,108.185
1600,4.0,0.2286,55.5,0.0042862,128.264
800,12.3,0.1016,55.5,0.0368233,125.114